code,name,pack_usd,before_nad,after_nad,action
401955.215,"INTER BALL WHITE BURGUNDY · 401955.215",99,2584,215,unit-override
401955.216,"INTER BALL WHITE TURQUOISE · 401955.216",99,2584,215,unit-override
401955.217,"INTER BALL WHITE FLUOR GREEN · 401955.217",99,2584,215,unit-override
TI42305B1101,"HELLAS VERONA FC TRAINING WINTER HAT · TI42305B1101",,5030,5030,hide-available-false
400089.100,"CAP CLASSIC BLACK · 400089.100",,2818,2818,hide-available-false
400089.200,"CAP CLASSIC WHITE · 400089.200",,2818,2818,hide-available-false
400089.300,"CAP CLASSIC NAVY · 400089.300",,2818,2818,hide-available-false
400089.474,"CLASSIC CAP KHAKI · 400089.474",,2818,2818,hide-available-false
400089.600,"CAP CLASSIC RED · 400089.600",,2818,2818,hide-available-false
400089.700,"CAP CLASSIC ROYAL · 400089.700",,2818,2818,hide-available-false
401504.100,"CLASSIC  CAP BLACK · 401504.100",,2349,2349,hide-available-false
401504.200,"CLASSIC  CAP WHITE · 401504.200",,2349,2349,hide-available-false
401504.331,"CLASSIC  CAP NAVY · 401504.331",,2349,2349,hide-available-false
300267.001,"CAP ACCESSORIES MULTICOLOR · 300267.001",,2276,2276,hide-available-false
400635.000,"TORNEO VISOR CAP MULTICOLOR · 400635.000",,2067,2067,hide-available-false
400635.001,"TORNEO VISOR CAP MULTICOLOR · 400635.001",,2067,2067,hide-available-false
400635.002,"TORNEO VISOR CAP MULTICOLOR · 400635.002",,2067,2067,hide-available-false
400635.102,"TORNEO VISOR CAP BLACK WHITE · 400635.102",,2067,2067,hide-available-false
400580.001,"RUNNING NIGHT CAP MULTICOLOR · 400580.001",,1921,1921,already-hidden
400580.100,"RUNNING NIGHT CAP BLACK · 400580.100",,1921,1921,hide-available-false
400580.200,"RUNNING NIGHT CAP WHITE · 400580.200",,1921,1921,already-hidden
401779.102,"TRAIL CAP BLACK WHITE · 401779.102",,1777,1777,already-hidden
400056.100,"HAT REVERSIBLE BLACK · 400056.100",,1762,1762,hide-available-false
400360.100,"HAT BLACK · 400360.100",,1409,1409,hide-available-false
400360.280,"HAT MELANGE · 400360.280",,1409,1409,hide-available-false
400360.331,"HAT NAVY · 400360.331",,1409,1409,hide-available-false
401021.100,"SPLASH SWIMMING CAP BLACK · 401021.100",,783,783,already-hidden
401779.924,"TRAIL CAP YELLOW · 401779.924",,533,533,already-hidden
300151.003,"MULTIPACK OF MULTICOLOR CAPS R-TRAIL NATURE · 300151.003",,2928,2928,hide-available-false
400855.220,"FLAME III BALL WHITE ORANGE · 400855.220",,9396,783,unit-override
401724.204,"GIOCO III BALL WHITE GREEN · 401724.204",,7517,626,unit-override
401725.063,"W-GIOCO BALL FLUOR YELLOW NAVY BLUE · 401725.063",,7517,626,unit-override
401581.903,"J-PRO HANDBALL BALL YELLOW DARK NAVY · 401581.903",,6468,539,unit-override
401581.906,"J-PRO HANDBALL BALL YELLOW RED · 401581.906",,6468,539,unit-override
401581.916,"J-PRO HANDBALL BALL YELLOW TURQUOISE · 401581.916",,6468,539,unit-override
401581.918,"J-PRO HANDBALL BALL YELLOW FLUOR PINK · 401581.918",,6468,539,unit-override
401728.207,"URANUS III BALL WHITE ROYAL BLUE · 401728.207",,6468,539,unit-override
401647.216,"S-GRIP BALL WHITE TURQUOISE · 401647.216",,5873,489,unit-override
401647.217,"S-GRIP BALL WHITE FLUOR GREEN · 401647.217",,5873,489,unit-override
401647.218,"S-GRIP BALL WHITE FLUOR PINK · 401647.218",,5873,489,unit-override
400854.216,"ICEBERG III BALL WHITE TURQUOISE · 400854.216",,5434,453,unit-override
401494.116,"PENTAFORCE BALL TURQUOISE NAVY · 401494.116",,5434,453,unit-override
401483.814,"EVOLUTION IV BALL FLUOR ORANGE ROYAL · 401483.814",,5137,428,unit-override
400906.206,"NEPTUNE II BALL WHITE RED · 400906.206",,4995,416,unit-override
401495.023,"DINAMIC IV BALL FLUOR GREEN NAVY · 401495.023",,4854,405,unit-override
401957.206,"J-PRO BALL WHITE RED · 401957.206",,4698,392,unit-override
401957.207,"J-PRO BALL WHITE BLUE · 401957.207",,4698,392,unit-override
401413.117,"EGEO II  BALL BLACK FLUOR GREEN · 401413.117",,4557,380,unit-override
401413.268,"EGEO II  BALL LIGHT GREY FLUOR CORAL · 401413.268",,4557,380,unit-override
401240.061,"EVOLUTION III BALL YELLOW BLACK · 401240.061",,4416,368,unit-override
401959.015,"PENTAFORCE BALL TURQUOISE PINK · 401959.015",,4118,343,unit-override
401243.207,"U-LIGHT BALL WHITE BLUE · 401243.207",,3978,331,unit-override
401243.220,"U-LIGHT BALL WHITE FLUOR ORANGE · 401243.220",,3978,331,unit-override
401244.206,"LIGHT BALL WHITE RED · 401244.206",,3978,331,unit-override
401953.057,"EVOLUTION V BALL FLUOR YELLOW PURPLE · 401953.057",,3884,324,unit-override
401726.217,"HALLEY II BALL WHITE FLUOR GREEN · 401726.217",,3759,313,unit-override
401727.218,"HALLEY II BALL WHITE FLUOR PINK · 401727.218",,3759,313,unit-override
401952.205,"DINAMIC V BALL WHITE PINK · 401952.205",,3759,313,unit-override
400649.061,"DALI II BALL FLUOR YELLOW · 400649.061",,3743,312,unit-override
400649.203,"DALI II BALL FUCHSIA RED FLUOR · 400649.203",,3743,312,unit-override
400649.211,"DALI II BALL GREY GREEN · 400649.211",,3743,312,unit-override
400649.214,"DALI II BALL WHITE FLUOR ORANGE · 400649.214",,3743,312,unit-override
400649.216,"DALI II BALL WHITE FLUOR TURQUOISE · 400649.216",,3743,312,unit-override
400649.497,"DALI II BALL FUCHSIA TURQUOISE · 400649.497",,3743,312,unit-override
401412.047,"DALI III BALL FLUOR TURQUOISE FLUOR CORAL · 401412.047",,3743,312,unit-override
401412.206,"DALI III BALL RED FLUOR GREEN · 401412.206",,3743,312,unit-override
401412.216,"DALI III BALL YELLOW · 401412.216",,3743,312,unit-override
401412.334,"DALI III BALL FLUOR GREEN FLUOR PINK NAVY · 401412.334",,3743,312,unit-override
401412.920,"DALI III BALL FLUOR YELLOW FLUOR TURQUOISE · 401412.920",,3743,312,unit-override
401951.219,"NEPTUNE III BALL WHITE FLUOR CORAL · 401951.219",,3523,294,unit-override
401956.067,"S-GRIP BALL FLUOR YELLOW BLUE · 401956.067",,3523,294,unit-override
401963.211,"VICTORY IV JR BALL WHITE GRAY · 401963.211",,3523,294,unit-override
401484.207,"CHALLENGE III BALL WHITE ROYAL · 401484.207",,3383,282,unit-override
401484.217,"CHALLENGE III BALL WHITE FLUOR GREEN · 401484.217",,3383,282,unit-override
401954.067,"DALI IV BALL FLUOR YELLOW BLUE · 401954.067",,2944,245,unit-override
401954.211,"DALI IV BALL WHITE GRAY · 401954.211",,2944,245,unit-override
401954.216,"DALI IV BALL WHITE FLUOR TURQUOISE · 401954.216",,2944,245,unit-override
401954.219,"DALI IV BALL WHITE FLUOR CORAL · 401954.219",,2944,245,unit-override
401954.221,"DALI IV BALL WHITE FLUOR YELLOW · 401954.221",,2944,245,unit-override
400851.216,"CHALLENGE II BALL WHITE TURQUOISE · 400851.216",,2646,221,unit-override
401962.206,"CHALLENGE IV BALL WHITE RED · 401962.206",,2349,196,unit-override
401962.207,"CHALLENGE IV BALL WHITE BLUE · 401962.207",,2349,196,unit-override
401962.221,"CHALLENGE IV BALL WHITE FLUOR YELLOW · 401962.221",,2349,196,unit-override
401731.204,"VICTORY BALL WHITE GREEN · 401731.204",,4416,4416,hide-available-false
401268.214,"HALLEY II BALL WHITE FLUOR TURQUOISE · 401268.214",,3978,3978,hide-available-false
400356.308,"ERIS HYBRID SOCCER BALL WHITE-GREEN-ORANGE SIZE 62 · 400356.308",,3759,3759,hide-available-false
AH41800B0501,"FED. FUTBOL RUMANÍA 1ST OPT E BALL · AH41800B0501",,1954,1954,hide-available-false
TI41800B5101,"HELLAS VERONA FC REPLICA BALL · TI41800B5101",,3496,3496,hide-available-false
300249.001,"MULTIPACK OF VISORS MULTICOLOR · 300249.001",,1083,1083,hide-available-false
400089.100,"CAP CLASSIC BLACK · 400089.100",,2818,117,unhide-unit-override
400089.200,"CAP CLASSIC WHITE · 400089.200",,2818,117,unhide-unit-override
400056.100,"HAT REVERSIBLE BLACK · 400056.100",,1762,176,unhide-unit-override
400360.100,"HAT BLACK · 400360.100",,1409,117,unhide-unit-override
